{
  "by_horizon": {
    "5": {
      "overall": {
        "n_dates": 3,
        "n_obs": 39,
        "rank_ic_mean": 0.348537279330456,
        "ic_mean": 0.2402396418580793,
        "rank_icir": 1.8258782158742144,
        "icir": 1.2721188281250846,
        "hit_rate": 0.5555555555555556,
        "directional_n": 36,
        "excess_hit_rate": 0.5
      },
      "by_class": {
        "N": {
          "n_dates": 3,
          "n_obs": 9,
          "rank_ic_mean": 0.6666666666666666,
          "ic_mean": 0.3404269459404324,
          "rank_icir": 2.309401076758503,
          "icir": 0.4999508647286742,
          "hit_rate": 0.4444444444444444,
          "directional_n": 9,
          "excess_hit_rate": 0.3333333333333333
        },
        "T": {
          "n_dates": 3,
          "n_obs": 15,
          "rank_ic_mean": 0.48289443268350457,
          "ic_mean": 0.3272364950750388,
          "rank_icir": 1.122041455607535,
          "icir": 0.6615258425831388,
          "hit_rate": 0.6428571428571429,
          "directional_n": 14,
          "excess_hit_rate": 0.6428571428571429
        },
        "V": {
          "n_dates": 3,
          "n_obs": 15,
          "rank_ic_mean": 0.35694013108331224,
          "ic_mean": 0.2132560507489473,
          "rank_icir": 1.3131088864462115,
          "icir": 0.6289032382574459,
          "hit_rate": 0.5384615384615384,
          "directional_n": 13,
          "excess_hit_rate": 0.46153846153846156
        }
      }
    },
    "10": {
      "overall": {
        "n_dates": 3,
        "n_obs": 39,
        "rank_ic_mean": 0.2717166352325084,
        "ic_mean": 0.2981746935194095,
        "rank_icir": 1.6044402680573924,
        "icir": 1.2059006406565818,
        "hit_rate": 0.5277777777777778,
        "directional_n": 36,
        "excess_hit_rate": 0.5555555555555556
      },
      "by_class": {
        "N": {
          "n_dates": 3,
          "n_obs": 9,
          "rank_ic_mean": 0.16666666666666666,
          "ic_mean": 0.28000126842412953,
          "rank_icir": 0.2886751345948128,
          "icir": 1.0128209074212706,
          "hit_rate": 0.3333333333333333,
          "directional_n": 9,
          "excess_hit_rate": 0.5555555555555556
        },
        "T": {
          "n_dates": 3,
          "n_obs": 15,
          "rank_ic_mean": 0.39325030145473433,
          "ic_mean": 0.3577762260161473,
          "rank_icir": 1.1541906166740548,
          "icir": 0.5883098137264949,
          "hit_rate": 0.7142857142857143,
          "directional_n": 14,
          "excess_hit_rate": 0.7142857142857143
        },
        "V": {
          "n_dates": 3,
          "n_obs": 15,
          "rank_ic_mean": 0.07060113295832982,
          "ic_mean": 0.15527273115528054,
          "rank_icir": 1.149358744437627,
          "icir": 0.7374777985565386,
          "hit_rate": 0.46153846153846156,
          "directional_n": 13,
          "excess_hit_rate": 0.38461538461538464
        }
      }
    },
    "20": {
      "overall": {
        "n_dates": 3,
        "n_obs": 39,
        "rank_ic_mean": 0.17532623585635596,
        "ic_mean": 0.37721749640626606,
        "rank_icir": 1.0995825989898294,
        "icir": 4.155857208021155,
        "hit_rate": 0.5555555555555556,
        "directional_n": 36,
        "excess_hit_rate": 0.5833333333333334
      },
      "by_class": {
        "N": {
          "n_dates": 3,
          "n_obs": 9,
          "rank_ic_mean": 0.3333333333333333,
          "ic_mean": 0.3007792839912798,
          "rank_icir": 0.4364357804719848,
          "icir": 0.4006161160441116,
          "hit_rate": 0.7777777777777778,
          "directional_n": 9,
          "excess_hit_rate": 0.7777777777777778
        },
        "T": {
          "n_dates": 3,
          "n_obs": 15,
          "rank_ic_mean": 0.7265836347880675,
          "ic_mean": 0.6755740065101588,
          "rank_icir": 4.491430454717357,
          "icir": 4.691693944088888,
          "hit_rate": 0.5714285714285714,
          "directional_n": 14,
          "excess_hit_rate": 0.6428571428571429
        },
        "V": {
          "n_dates": 3,
          "n_obs": 15,
          "rank_ic_mean": -0.03726779962499649,
          "ic_mean": -0.05463479983429481,
          "rank_icir": -0.17733172553297716,
          "icir": -0.3996309306816828,
          "hit_rate": 0.38461538461538464,
          "directional_n": 13,
          "excess_hit_rate": 0.38461538461538464
        }
      }
    }
  }
}